StockCode,Description,CancelledInvoiceCount,CancelledRows,CancelledQuantity,CancelledValue
M,Manual,223,244,4066,146784.46
22423,REGENCY CAKESTAND 3 TIER,180,180,855,9697.05
POST,POSTAGE,124,126,147,11871.24
22960,JAM MAKING SET WITH JARS,87,87,247,1012.79
22720,SET OF 3 CAKE TINS PANTRY DESIGN ,73,73,154,730.1
D,Discount,65,77,1194,5696.219999999999
22699,ROSES REGENCY TEACUP AND SAUCER ,54,54,437,1150.3500000000001
21232,STRAWBERRY CERAMIC TRINKET BOX,52,54,362,414.49999999999994
22666,RECIPE BOX PANTRY YELLOW DESIGN,47,47,151,421.04999999999995
85099B,JUMBO BAG RED RETROSPOT,43,44,1115,1984.02
20725,LUNCH BAG RED RETROSPOT,43,44,574,854.6999999999999
85123A,WHITE HANGING HEART T-LIGHT HOLDER,42,42,2578,6624.3
21843,RED RETROSPOT CAKE STAND,42,42,322,2480.4999999999995
22697,GREEN REGENCY TEACUP AND SAUCER,42,42,143,393.05000000000007
82483,WOOD 2 DRAWER CABINET WHITE FINISH,40,42,203,1225.8500000000001
21314,SMALL GLASS HEART TRINKET POT,40,40,139,270.15000000000003
23245,SET OF 3 REGENCY CAKE TINS,37,37,90,421.4999999999999
22197,POPCORN HOLDER,36,36,427,329.41
84949,SILVER HANGING T-LIGHT HOLDER,35,35,263,412.34999999999997
22698,PINK REGENCY TEACUP AND SAUCER,35,35,138,387.5
