CustomerID,Recency,Frequency,GrossMonetary,CancelledValue,Monetary,R_Score,F_Score,M_Score,Segment
18074,374,1,489.6,0.0,489.6,1,1,2,Lost
14729,374,1,313.49,0.0,313.49,1,1,2,Lost
17968,374,1,265.1,0.0,265.1,1,1,1,Lost
16583,374,1,233.45,0.0,233.45,1,1,1,Lost
17908,374,1,232.03,0.0,232.03,1,1,1,Lost
12791,374,1,192.6,0.0,192.6,1,1,1,Lost
13747,374,1,79.6,0.0,79.6,1,1,1,Lost
15165,373,1,487.75,0.0,487.75,1,1,2,Lost
15922,373,1,369.5,5.9,363.6,1,1,2,Lost
16274,373,1,351.75,0.0,351.75,1,1,2,Lost
13108,373,1,350.06,0.0,350.06,1,1,2,Lost
15363,373,1,326.0,7.95,318.05,1,1,2,Lost
14142,373,1,311.81,0.0,311.81,1,1,2,Lost
17732,373,1,303.97,0.0,303.97,1,1,2,Lost
17925,373,1,244.08,0.0,244.08,1,1,1,Lost
16048,373,2,256.44,12.75,243.69,1,2,1,Lost
17855,373,1,208.97,0.0,208.97,1,1,1,Lost
16752,373,1,207.5,0.0,207.5,1,1,1,Lost
13065,373,1,205.86,0.0,205.86,1,1,1,Lost
14237,373,1,161.0,0.0,161.0,1,1,1,Lost
