StockCode,Description,Revenue
DOT,DOTCOM POSTAGE,206248.77
22423,REGENCY CAKESTAND 3 TIER,174156.54
23843,"PAPER CRAFT , LITTLE BIRDIE",168469.6
85123A,WHITE HANGING HEART T-LIGHT HOLDER,104284.23999999999
47566,PARTY BUNTING,99445.23
85099B,JUMBO BAG RED RETROSPOT,94159.81
23166,MEDIUM CERAMIC TOP STORAGE JAR,81700.92000000001
POST,POSTAGE,78101.88
M,Manual,77750.27
23084,RABBIT NIGHT LIGHT,66870.03
22086,PAPER CHAIN KIT 50'S CHRISTMAS ,64875.59
84879,ASSORTED COLOUR BIRD ORNAMENT,58927.62
79321,CHILLI LIGHTS,54096.36
23298,SPOTTY BUNTING,42513.479999999996
22386,JUMBO BAG PINK POLKADOT,42401.01
21137,BLACK RECORD COVER FRAME,40633.38
22502,PICNIC BASKET WICKER 60 PIECES,39619.5
23284,DOORMAT KEEP CALM AND COME IN,38133.64
22720,SET OF 3 CAKE TINS PANTRY DESIGN ,38108.89
22960,JAM MAKING SET WITH JARS,37082.13
