StockCode,Description,Quantity
23843,"PAPER CRAFT , LITTLE BIRDIE",80995
23166,MEDIUM CERAMIC TOP STORAGE JAR,78033
84077,WORLD WAR 2 GLIDERS ASSTD DESIGNS,54951
85099B,JUMBO BAG RED RETROSPOT,48371
85123A,WHITE HANGING HEART T-LIGHT HOLDER,37580
22197,POPCORN HOLDER,36749
21212,PACK OF 72 RETROSPOT CAKE CASES,36396
84879,ASSORTED COLOUR BIRD ORNAMENT,36362
23084,RABBIT NIGHT LIGHT,30739
22492,MINI PAINT SET VINTAGE ,26633
22616,PACK OF 12 LONDON TISSUES ,26119
21977,PACK OF 60 PINK PAISLEY CAKE CASES,24820
22178,VICTORIAN GLASS HANGING T-LIGHT,24275
15036,ASSORTED COLOURS SILK FAN,23826
17003,BROCADE RING PURSE ,23020
21915,RED  HARMONICA IN BOX ,21903
22386,JUMBO BAG PINK POLKADOT,21448
22197,SMALL POPCORN HOLDER,20149
22086,PAPER CHAIN KIT 50'S CHRISTMAS ,19329
20725,LUNCH BAG RED RETROSPOT,19232
